0.0000,2706.1299,1.96
0.0030,2705.6499,1.96
0.0070,2700.1201,1.959
0.0100,2723.3201,1.964
0.0140,2697.72,1.959
0.0170,2683.29,1.956
0.0210,2682.5701,1.956
0.0240,2709.1399,1.961
0.0280,2695.9099,1.958
0.0310,2677.3999,1.954
0.0350,2698.6799,1.959
0.0380,4504.8101,2.32
0.0420,7734.6201,2.966
0.0450,11031.4,3.625
0.0490,10452.2,3.509
0.0520,10491.7,3.518
0.0560,9592.1904,3.338
0.0590,10708.3,3.561
0.0630,9788.46,3.377
0.0660,10117.4,3.443
0.0690,12834.5,3.986
0.0730,12719.8,3.963
0.0760,12244.1,3.867
0.0800,12735.1,3.966
0.0830,9311.0596,3.281
0.0870,10012.7,3.421
0.0900,9030.8896,3.226
0.0940,8706.6104,3.16
0.0970,12618,3.943
0.1010,12484.5,3.917
0.1040,6266.3501,2.678
0.1080,8979.0898,3.214
0.1110,12540.1,3.927
0.1150,12004.2,3.82
0.1180,12959.6,4.011
0.1220,13026.3,4.024
0.1250,11854.6,3.79
0.1280,5154.5698,2.449
0.1320,2753.01,1.97
0.1350,8501.4404,3.121
0.1390,7019.4702,2.823
0.1420,4352.6499,2.29
0.1460,5505.77,2.521
0.1490,7035.9399,2.825
0.1530,5175.1201,2.453
0.1560,2764.54,1.972
0.1600,4864.1802,2.39
0.1630,4683.5298,2.354
0.1670,3443.8701,2.109
0.1700,7313.2202,2.88
0.1740,7627.52,2.944
0.1770,5344.3501,2.488
0.1810,4123.4399,2.244
0.1840,4867.0698,2.389
0.1880,7692.9102,2.957
0.1910,6314.54,2.682
0.1940,2683.29,1.956
0.1980,3446.52,2.108
0.2010,4379.4502,2.293
0.2050,5647,2.543
0.2080,5607.9302,2.54
0.2120,3537.02,2.124
0.2150,2780.77,1.975
0.2190,2734.98,1.966
0.2220,2723.6799,1.964
0.2260,2736.54,1.966
0.2290,3861.78,2.185
0.2330,5005.0498,2.423
0.2360,5438.5801,2.508
0.2400,5117.0698,2.442
0.2430,5199.3999,2.458
0.2470,4768.27,2.377
0.2500,4306.1299,2.282
0.2530,2747.96,1.969
0.2570,2667.0701,1.952
0.2600,2662.74,1.952
0.2640,2656.1299,1.952
0.2670,2668.51,1.953
0.2710,2679.5701,1.955
0.2740,2678.01,1.955
0.2780,2680.6499,1.955
0.2810,2682.3301,1.955
0.2850,3646.27,2.148
0.2880,5559.02,2.528
0.2920,9046.8799,3.229
0.2950,11583.7,3.734
0.2990,12887.5,3.997
0.3020,8816.9502,3.179
0.3060,9722.5996,3.364
0.3090,9093.3896,3.238
0.3130,8579.21,3.135
0.3160,6335.7002,2.685
0.3190,3072.48,2.035
0.3230,4811.7798,2.382
0.3260,2747.8401,1.969
0.3300,2742.1899,1.967
0.3330,2745.1899,1.969
0.3330,2745.1899,1.968
0.3370,4944.4702,2.41
0.3400,8622.2402,3.144
0.3440,11788.9,3.776
0.3470,13388.6,4.097
0.3510,13302.9,4.081
0.3540,9814.1797,3.382
0.3580,10546.4,3.529
0.3610,10151.1,3.449
0.3650,10234.9,3.466
0.3680,8127.2798,3.047
0.3720,13019.6,4.023
0.3750,11412.3,3.701
0.3780,11942.3,3.807
0.3820,9112.8604,3.241
0.3850,11026.8,3.624
0.3890,8556.9697,3.131
0.3920,10346,3.488
0.3960,7182.6899,2.854
0.3990,9981.9697,3.415
0.4030,10379.7,3.495
0.4060,7025.48,2.824
0.4100,5825.48,2.583
0.4130,3065.02,2.031
0.4170,6490.9902,2.718
0.4200,3524.6399,2.123
0.4240,3583.8899,2.141
0.4270,8916.8301,3.202
0.4310,9316.4697,3.281
0.4340,12882.5,3.995
0.4380,9651.9199,3.35
0.4410,10688.5,3.56
0.4440,11665.6,3.752
0.4480,12679.9,3.954
0.4510,9881.3701,3.395
0.4550,8131.25,3.046
0.4580,8468.3896,3.111
0.4620,5342.1899,2.486
0.4650,6124.6401,2.644
0.4690,7644.3501,2.947
0.4720,7415.8701,2.902
0.4760,8281.4902,3.078
0.4790,11398.7,3.699
0.4830,5294.23,2.477
0.4860,6923.7998,2.809
0.4900,7804.21,2.98
0.4930,2756.1299,1.97
0.4970,2611.78,1.941
0.5000,2612.98,1.942
0.5030,2614.6599,1.942
0.5070,2613.9399,1.942
0.5100,2605.05,1.94
0.5140,2606.6101,1.94
0.5170,2618.8701,1.943
0.5210,2592.55,1.938
0.5240,2584.3799,1.936
0.5280,2632.45,1.946
0.5310,2596.51,1.938
0.5350,2591.5901,1.937
0.5380,7075.1201,2.834
0.5420,10424,3.504
0.5450,12094.5,3.838
0.5490,11484.6,3.716
0.5520,12114.8,3.841
0.5560,9966.9502,3.412
0.5590,11268.1,3.672
0.5630,10638,3.546
0.5660,10320.6,3.484
0.5690,12377.9,3.894
0.5730,12241.6,3.867
0.5760,13156.5,4.05
0.5800,12900.1,3.999
0.5830,12931.1,4.005
0.5870,13056.3,4.032
0.5900,12043.3,3.828
0.5940,12163.9,3.852
0.5970,13007.3,4.019
0.6010,12514.9,3.922
0.6040,12490.7,3.917
0.6080,11810.8,3.781
0.6110,12188.7,3.857
0.6150,9741.5898,3.367
0.6180,8788.0996,3.175
0.6220,8772.2402,3.173
0.6250,10083.2,3.435
0.6280,5683.0498,2.554
0.6320,2768.03,1.973
0.6350,8664.0596,3.151
0.6390,12882.9,3.996
0.6420,12252.4,3.869
0.6460,12252.3,3.869
0.6490,9558.5303,3.333
0.6530,10406.4,3.499
0.6560,11657.5,3.751
0.6600,12600.5,3.939
0.6630,10800.1,3.579
0.6670,9658.29,3.351
0.6700,12890.1,3.997
0.6740,13076.8,4.034
0.6770,12751.9,3.969
0.6810,11695.1,3.758
0.6840,10151.8,3.449
0.6880,11173.4,3.654
0.6910,10664.9,3.551
0.6940,12638.8,3.946
0.6980,10809,3.581
0.7010,13220.4,4.064
0.7050,12425,3.904
0.7080,9259.25,3.272
0.7120,4790.27,2.379
0.7150,2734.5,1.966
0.7190,2738.3401,1.967
0.7220,2723.3201,1.964
0.7260,8931.25,3.202
0.7290,12381.2,3.895
0.7330,12989.2,4.016
0.7360,13098.1,4.04
0.7400,12921.3,4.003
0.7430,12284.4,3.876
0.7470,13008.5,4.02
0.7500,12907.8,4.001
0.7530,12391.5,3.897
0.7570,12289.8,3.877
0.7600,11378.6,3.695
0.7640,7614.54,2.942
0.7670,8805.6504,3.178
0.7710,12261.3,3.871
0.7740,11306,3.68
0.7780,12231.5,3.865
0.7810,8783.8896,3.173
0.7850,9662.2598,3.351
0.7880,11041.9,3.628
0.7920,10747.7,3.568
0.7950,9445.5498,3.308
0.7990,11073.7,3.633
0.8020,10087.1,3.436
0.8060,10025.1,3.423
0.8090,9128.8496,3.245
0.8130,11047.7,3.628
0.8160,8596.6299,3.138
0.8190,7609.5,2.94
0.8230,6993.3901,2.817
0.8260,8735.0898,3.169
0.8300,3254.9299,2.062
0.8330,2737.74,1.967
0.8370,6150.1201,2.649
0.8400,12676.9,3.954
0.8440,12740.4,3.967
0.8470,12823.4,3.984
0.8510,12845.4,3.988
0.8540,12118.3,3.842
0.8580,11141.2,3.647
0.8610,11614.1,3.742
0.8650,9741.5898,3.367
0.8680,9854.6904,3.389
0.8720,9475.7197,3.315
0.8750,8151.9199,3.047
0.8780,10588.1,3.537
0.8820,10827.6,3.584
0.8850,12707.1,3.96
0.8890,12972.8,4.013
0.8920,12868.1,3.993
0.8960,12337.4,3.885
0.8990,9572.2305,3.334
0.9030,11032.8,3.625
0.9060,12730.9,3.966
0.9100,12283.5,3.876
0.9130,12591.5,3.937
0.9170,11914.9,3.802
0.9200,5557.3301,2.532
0.9240,2759.26,1.971
0.9270,8916.8301,3.202
0.9310,10819.4,3.583
0.9340,6626.0801,2.744
0.9380,8160.7002,3.049
0.9410,9487.7402,3.318
0.9440,8237.9805,3.062
0.9480,8329.5703,3.088
0.9510,8560.46,3.13
0.9550,8542.1904,3.128
0.9580,7746.0298,2.969
0.9620,5079.8101,2.435
0.9650,10154.8,3.45
0.9690,12164.2,3.852
0.9720,8270.0703,3.079
0.9760,9037.8604,3.226
0.9790,12659,3.952
0.9830,11985.1,3.816
0.9860,10844.5,3.588
0.9900,11082.6,3.635
0.9930,9178.7305,3.255
0.9970,2675.72,1.954
0.0000,2718.99,1.963
0.0030,2703.97,1.96
0.0070,2689.54,1.957
0.0100,2709.5,1.961
0.0140,2693.8701,1.958
0.0170,2680.53,1.955
0.0210,2674.28,1.954
0.0240,2661.54,1.951
0.0280,2723.9199,1.964
0.0310,2679.8101,1.955
0.0350,2688.3401,1.957
0.0380,9956.25,3.41
0.0420,10043.1,3.427
0.0450,11160.5,3.651
0.0490,10767.5,3.572
0.0520,10923.3,3.604
0.0560,7799.3999,2.978
0.0590,9364.4199,3.291
0.0630,12748.7,3.968
0.0660,12853,3.99
0.0690,10632.2,3.546
0.0730,12254.2,3.869
0.0760,12915.5,4.002
0.0800,12156.7,3.851
0.0830,10646.5,3.548
0.0870,12366.1,3.892
0.0900,12031.5,3.825
0.0940,11952,3.809
0.0970,9972.7197,3.414
0.1010,11448,3.709
0.1040,11063.8,3.632
0.1080,11605.3,3.74
0.1110,12621.4,3.943
0.1150,9236.54,3.268
0.1180,10655.8,3.55
0.1220,11487.7,3.716
0.1250,7173.7998,2.853
0.1280,4160.2202,2.251
0.1320,2741.5901,1.967
0.1350,7080.77,2.833
0.1390,8591.9502,3.138
0.1420,11895.9,3.798
0.1460,11496.6,3.719
0.1490,10178.5,3.455
0.1530,12589.5,3.937
0.1560,9352.8799,3.291
0.1600,11685.3,3.756
0.1630,7932.4502,3.007
0.1670,8336.2998,3.087
0.1700,11157.2,3.65
0.1740,6791.9502,2.777
0.1770,9495.79,3.318
0.1810,11382.3,3.695
0.1840,12479.1,3.916
0.1880,11259.6,3.671
0.1910,11287,3.678
0.1940,5811.8999,2.582
0.1980,9509.7402,3.321
0.2010,12998,4.019
0.2050,12904.1,4
0.2080,8574.1602,3.134
0.2120,2710.8201,1.961
0.2150,2718.6299,1.963
0.2190,2742.6699,1.967
0.2220,2722.1201,1.964
0.2260,5856.3701,2.589
0.2290,10955.3,3.61
0.2330,11203.6,3.66
0.2360,12196.6,3.858
0.2400,5946.3901,2.608
0.2430,10726.9,3.564
0.2470,5529.21,2.524
0.2500,5161.7798,2.449
0.2530,5629.3301,2.543
0.2570,5331.6099,2.486
0.2600,6626.6802,2.744
0.2640,5271.27,2.477
0.2670,11807.1,3.781
0.2710,12092.2,3.838
0.2740,12508.9,3.922
0.2780,12699.8,3.959
0.2810,9880.0498,3.395
0.2850,10720.6,3.563
0.2880,12775.1,3.974
0.2920,10063.5,3.432
0.2950,11366.8,3.693
0.2990,12361.3,3.892
0.3020,13150.5,4.049
0.3060,10153.2,3.45
0.3090,10326.7,3.484
0.3130,13060.6,4.031
0.3160,10262.6,3.472
0.3190,2676.0801,1.954
0.3230,2618.03,1.943
0.3260,2686.3,1.956
0.3300,3123.2,2.043
0.3330,3037.3799,2.029
0.3330,3037.3799,2.029
0.3370,2680.4099,1.955
0.3400,6435.3398,2.708
0.3440,12847.1,3.988
0.3470,13128.5,4.045
0.3510,11774.5,3.774
0.3540,12501.3,3.919
0.3580,12946.3,4.008
0.3610,11109.9,3.641
0.3650,9251.7998,3.269
0.3680,11852.8,3.79
0.3720,13322,4.085
0.3750,10658.1,3.55
0.3780,10717.8,3.563
0.3820,7382.21,2.897
0.3850,8515.3799,3.122
0.3890,6588.3398,2.737
0.3920,5018.0298,2.423
0.3960,8281.1299,3.077
0.3990,8953.4902,3.211
0.4030,10876.1,3.594
0.4060,9081.1299,3.236
0.4100,11477,3.715
0.4130,12465.6,3.912
0.4170,12295.2,3.878
0.4200,4081.25,2.247
0.4240,2775.72,1.974
0.4270,7286.54,2.871
0.4310,12804.6,3.98
0.4340,8753.7305,3.172
0.4380,10996,3.618
0.4410,10992.4,3.617
0.4440,8503,3.12
0.4480,11044,3.628
0.4510,11579.6,3.735
0.4550,11402.3,3.699
0.4580,8323.9199,3.087
0.4620,12873.8,3.994
0.4650,12542.7,3.928
0.4690,12949.4,4.011
0.4720,13045.3,4.028
0.4760,12314.3,3.881
0.4790,9793.9902,3.378
0.4830,13391.6,4.094
0.4860,10759.9,3.571
0.4900,9189.6602,3.256
0.4930,3689.8999,2.152
0.4970,2555.77,1.93
0.5000,2600.24,1.939
0.5030,2588.5801,1.937
0.5070,2597.1101,1.938
0.5100,2581.8501,1.935
0.5140,2578.49,1.935
0.5170,2596.3899,1.938
0.5210,2576.2,1.934
0.5240,2581.25,1.935
0.5280,2587.02,1.936
0.5310,2572.72,1.933
0.5350,2613.9399,1.942
0.5380,9407.21,3.299
0.5420,11024.3,3.624
0.5450,10454.9,3.51
0.5490,8351.9199,3.089
0.5520,11451.4,3.709
0.5560,9824.4004,3.384
0.5590,11647.5,3.749
0.5630,12068.5,3.833
0.5660,13257.9,4.069
0.5690,12667.9,3.953
0.5730,12149.3,3.849
0.5760,9722.5996,3.364
0.5800,11793.4,3.777
0.5830,11986.1,3.816
0.5870,12145,3.848
0.5900,7197.48,2.858
0.5940,12045.6,3.828
0.5970,12448.6,3.908
0.6010,10806.2,3.58
0.6040,8996.2695,3.22
0.6080,8164.4199,3.05
0.6110,9742.5498,3.367
0.6150,8965.5,3.212
0.6180,8957.9297,3.211
0.6220,8889.0596,3.199
0.6250,8946.2695,3.209
0.6280,4317.4302,2.284
0.6320,4360.46,2.29
0.6350,13232.7,4.066
0.6390,12634.5,3.946
0.6420,11059.3,3.631
0.6460,11840.6,3.787
0.6490,11110.6,3.641
0.6530,10605.2,3.539
0.6560,11190.5,3.657
0.6600,11170.2,3.653
0.6630,10915.6,3.603
0.6670,10056.6,3.431
0.6700,12526.9,3.924
0.6740,12377.3,3.894
0.6770,9215.8604,3.264
0.6810,12845.4,3.988
0.6840,10904.7,3.6
0.6880,12621.8,3.943
0.6910,12043.9,3.828
0.6940,8740.0195,3.168
0.6980,8003,3.016
0.7010,12206.5,3.86
0.7050,10925.4,3.604
0.7080,7457.4502,2.909
0.7120,2724.1599,1.964
0.7150,2727.6499,1.964
0.7190,2729.8101,1.965
0.7220,2724.6399,1.964
0.7260,6372.48,2.693
0.7290,8514.7803,3.122
0.7330,9877.6396,3.395
0.7360,11336.4,3.685
0.7400,9842.79,3.388
0.7430,8659.3799,3.15
0.7470,9265.3799,3.271
0.7500,9875.1201,3.396
0.7530,9376.2002,3.294
0.7570,11150.1,3.649
0.7600,12224.2,3.864
0.7640,11220.9,3.663
0.7670,10776,3.574
0.7710,12802.8,3.98
0.7740,12675,3.954
0.7780,8273.6797,3.078
0.7810,12105.5,3.84
0.7850,12791.1,3.977
0.7880,10850.8,3.589
0.7920,11379.7,3.695
0.7950,11170.3,3.653
0.7990,13219,4.064
0.8020,12931,4.005
0.8060,12520,3.923
0.8090,11482.1,3.716
0.8130,9593.5098,3.337
0.8160,8594.9502,3.138
0.8190,8297.2402,3.078
0.8230,5777.2798,2.574
0.8260,2685.5801,1.956
0.8300,2673.5601,1.954
0.8330,2657.0901,1.951
0.8370,3782.45,2.174
0.8400,7258.29,2.871
0.8440,11969.7,3.813
0.8470,12807.2,3.98
0.8510,8429.5703,3.105
0.8540,5877.2798,2.594
0.8580,12009.1,3.821
0.8610,13035.6,4.026
0.8650,12972.6,4.013
0.8680,11813.7,3.782
0.8720,12690.4,3.957
0.8750,12756.5,3.97
0.8780,12580.2,3.937
0.8820,12654,3.952
0.8850,12767.3,3.973
0.8890,12489.2,3.917
0.8920,12673.1,3.954
0.8960,9206.8496,3.257
0.8990,7066.1099,2.832
0.9030,5985.46,2.615
0.9060,6796.5098,2.779
0.9100,7287.3799,2.874
0.9130,10793.4,3.578
0.9170,12527.5,3.924
0.9200,3211.1799,2.064
0.9240,2726.5601,1.964
0.9270,5654.9302,2.548
0.9310,8906.25,3.201
0.9340,11368.3,3.693
0.9380,10635.3,3.546
0.9410,9647.1104,3.35
0.9440,10735.3,3.566
0.9480,9933.0498,3.405
0.9510,9933.6504,3.405
0.9550,10888,3.597
0.9580,10131.2,3.445
0.9620,11312.4,3.681
0.9650,11206.5,3.661
0.9690,11396.4,3.698
0.9720,9481.6104,3.317
0.9760,9381.9697,3.295
0.9790,11039.2,3.628
0.9830,13172.2,4.054
0.9860,12040.1,3.827
0.9900,10728.5,3.565
0.9930,7567.5498,2.937
0.9970,3437.98,2.107
0.0000,2690.51,1.957
0.0030,2693.1499,1.958
0.0070,2680.6499,1.955
0.0100,2692.79,1.958
0.0140,2682.21,1.955
0.0170,2676.4399,1.954
0.0210,2674.1599,1.954
0.0240,2672.8401,1.953
0.0280,2690.02,1.957
0.0310,2663.22,1.952
0.0350,2749.76,1.969
0.0380,6940.3901,2.809
0.0420,11063.7,3.632
0.0450,12644,3.946
0.0490,13020,4.023
0.0520,13279.2,4.075
0.0560,12382.3,3.895
0.0590,11765,3.772
0.0630,10215,3.464
0.0660,11045.9,3.628
0.0690,11728,3.765
0.0730,10025,3.424
0.0760,11146.2,3.649
0.0800,7428.73,2.905
0.0830,9760.3398,3.373
0.0870,9523.9199,3.323
0.0900,9926.3203,3.405
0.0940,11993.5,3.817
0.0970,9823.4404,3.384
0.1010,10653.8,3.549
0.1040,11079.1,3.635
0.1080,12207.2,3.86
0.1110,10923.9,3.604
0.1150,12392.2,3.897
0.1180,12698.8,3.959
0.1220,11445.8,3.709
0.1250,8674.1602,3.154
0.1280,4618.1499,2.344
0.1320,2743.27,1.968
0.1350,4796.1499,2.378
0.1390,12897.1,3.999
0.1420,11210.7,3.662
0.1460,11581.6,3.734
0.1490,10843.8,3.588
0.1530,11214.5,3.662
0.1560,11569.7,3.733
0.1600,12670.7,3.953
0.1630,12964.7,4.012
0.1670,12004.2,3.82
0.1700,6708.4102,2.758
0.1740,11714.8,3.762
0.1770,12072.1,3.833
0.1810,9824.8799,3.384
0.1840,8348.4404,3.088
0.1880,11744.1,3.768
0.1910,12327,3.885
0.1940,12280.4,3.875
0.1980,13278.6,4.075
0.2010,12334.5,3.886
0.2050,10609.4,3.541
0.2080,9101.5596,3.239
0.2120,3096.8799,2.04
0.2150,2737.8601,1.967
0.2190,2735.1001,1.966
0.2220,2718.75,1.963
0.2260,5114.4199,2.44
0.2290,7430.8901,2.905
0.2330,11161.7,3.651
0.2360,13055.9,4.03
0.2400,12856.7,3.99
0.2430,11789.7,3.777
0.2470,6951.7998,2.809
0.2500,11856.8,3.791
0.2530,10766.3,3.572
0.2570,7654.21,2.949
0.2600,12029.1,3.825
0.2640,11010.2,3.621
0.2670,12549.9,3.929
0.2710,12968.5,4.012
0.2740,11478.7,3.715
0.2780,12053,3.83
0.2810,10442.5,3.509
0.2850,12338.3,3.886
0.2880,10745.3,3.568
0.2920,10103.4,3.44
0.2950,8642.5498,3.148
0.2990,7380.77,2.897
0.3020,10502,3.519
0.3060,9812.8604,3.382
0.3090,11458.3,3.711
0.3130,11008.4,3.621
0.3160,7769.1099,2.972
0.3190,8081.6099,3.044
0.3230,6166.1099,2.651
0.3260,7165.7402,2.853
0.3300,3459.02,2.11
0.3330,2715.3899,1.962
0.3330,2715.3899,1.962
0.3370,2744.3501,1.968
0.3400,10797.2,3.579
0.3440,13144,4.048
0.3470,13160.8,4.051
0.3510,13118.5,4.043
0.3540,12483.1,3.916
0.3580,12868.5,3.993
0.3610,10963.1,3.611
0.3650,10508.5,3.521
0.3680,9250.1201,3.269
0.3720,10014.7,3.422
0.3750,13137.5,4.046
0.3780,12914.3,4.002
0.3820,11047.1,3.628
0.3850,13000.2,4.019
0.3890,11520.7,3.723
0.3920,10082.3,3.436
0.3960,11195.7,3.658
0.3990,11278.5,3.674
0.4030,10515.5,3.522
0.4060,8196.2695,3.055
0.4100,11455,3.71
0.4130,8919.8301,3.202
0.4170,11892.1,3.798
0.4200,4301.2002,2.281
0.4240,2769.71,1.973
0.4270,6849.2798,2.786
0.4310,12967.2,4.012
0.4340,11667.8,3.752
0.4380,11118.1,3.642
0.4410,11303.1,3.68
0.4440,8818.0303,3.178
0.4480,11434.4,3.706
0.4510,11175.2,3.655
0.4550,5825.48,2.583
0.4580,10624,3.544
0.4620,12199,3.859
0.4650,11241,3.667
0.4690,12517.3,3.922
0.4720,8854.3301,3.192
0.4760,10798,3.579
0.4790,11385.3,3.696
0.4830,12838.1,3.987
0.4860,13408.7,4.095
0.4900,12064.7,3.832
0.4930,3154.5701,2.051
0.4970,2551.2,1.929
0.5000,2574.1599,1.934
0.5030,2599.76,1.939
0.5070,2580.4099,1.935
0.5100,2583.4099,1.936
0.5140,2595.79,1.938
0.5170,2587.26,1.936
0.5210,2579.6899,1.935
0.5240,2563.8201,1.932
0.5280,2593.8701,1.938
0.5310,2571.1499,1.933
0.5350,2568.6299,1.933
0.5380,9067.79,3.233
0.5420,10899.6,3.599
0.5450,11771.3,3.774
0.5490,10739.3,3.567
0.5520,9290.0195,3.278
0.5560,9005.8896,3.22
0.5590,10643.9,3.548
0.5630,11731.6,3.765
0.5660,10895.9,3.598
0.5690,12206.1,3.86
0.5730,13145.6,4.049
0.5760,11816.2,3.782
0.5800,5184.1401,2.455
0.5830,12100.1,3.839
0.5870,12771.8,3.974
0.5900,13165.9,4.052
0.5940,13128.1,4.045
0.5970,10345.7,3.488
0.6010,12512.4,3.922
0.6040,12995.3,4.018
0.6080,11071.5,3.633
0.6110,10985.5,3.616
0.6150,12907.2,4
0.6180,11089.4,3.638
0.6220,10620.7,3.543
0.6250,11816.1,3.782
0.6280,6262.3799,2.675
0.6320,2731.8501,1.965
0.6350,9723.2002,3.364
0.6390,12309.7,3.881
0.6420,12784.7,3.976
0.6460,12981,4.015
0.6490,9953.4805,3.409
0.6530,10985.6,3.616
0.6560,11068.2,3.633
0.6600,7813.1001,2.981
0.6630,8640.0195,3.148
0.6670,11751.6,3.768
0.6700,9386.54,3.295
0.6740,10073.9,3.434
0.6770,12314.7,3.882
0.6810,11834.1,3.786
0.6840,9375.3604,3.294
0.6880,7269.8301,2.872
0.6910,11610,3.741
0.6940,12959.9,4.012
0.6980,9704.8096,3.358
0.7010,11158.7,3.651
0.7050,12420.1,3.903
0.7080,9096.1504,3.238
0.7120,5054.21,2.43
0.7150,2697.48,1.959
0.7190,2706.97,1.96
0.7220,2689.54,1.957
0.7260,7114.4199,2.841
0.7290,11267.8,3.672
0.7330,11149.3,3.649
0.7360,10327.3,3.484
0.7400,12720.8,3.962
0.7430,12461.5,3.911
0.7470,13163.1,4.052
0.7500,8428.5996,3.106
0.7530,11459.3,3.711
0.7570,13276,4.074
0.7600,10494,3.518
0.7640,10325.8,3.485
0.7670,9003.8496,3.22
0.7710,11870,3.793
0.7740,13534.6,4.119
0.7780,10013.2,3.422
0.7810,9258.29,3.27
0.7850,9914.1797,3.401
0.7880,11133.1,3.647
0.7920,11740.7,3.768
0.7950,13252.4,4.069
0.7990,9289.2998,3.278
0.8020,12983.9,4.015
0.8060,13527,4.122
0.8090,13107.7,4.042
0.8130,9833.1699,3.384
0.8160,8145.9102,3.048
0.8190,6496.6299,2.719
0.8230,2567.9099,1.933
0.8260,2611.0601,1.941
0.8300,2602.6399,1.939
0.8330,2617.9099,1.943
0.8370,4836.54,2.386
0.8400,12497.4,3.918
0.8440,9771.1504,3.373
0.8470,6452.2798,2.709
0.8510,3694.95,2.156
0.8540,4949.04,2.409
0.8580,12735.7,3.966
0.8610,12193.9,3.858
0.8650,12034.6,3.825
0.8680,10157.8,3.45
0.8720,9485.9404,3.317
0.8750,8552.2803,3.129
0.8780,11716.8,3.762
0.8820,11488,3.716
0.8850,9322.1201,3.281
0.8890,8118.5098,3.043
0.8920,11320.9,3.683
0.8960,12079,3.835
0.8990,12479.1,3.916
0.9030,12398.2,3.899
0.9060,10528.1,3.525
0.9100,12409,3.901
0.9130,12811.9,3.982
0.9170,12276.6,3.875
0.9200,4527.1602,2.32
0.9240,2739.3,1.967
0.9270,7394.8301,2.898
0.9310,11400.7,3.699
0.9340,11023.9,3.624
0.9380,9534.9805,3.325
0.9410,9588.3398,3.337
0.9440,10591.1,3.537
0.9480,11374,3.694
0.9510,13197.2,4.057
0.9550,12069.8,3.833
0.9580,11213.2,3.662
0.9620,10452.8,3.51
0.9650,11934.9,3.807
0.9690,13115.4,4.043
0.9720,10914.8,3.603
0.9760,12162.6,3.852
0.9790,12415.6,3.902
0.9830,11653,3.75
0.9860,11793.5,3.777
0.9900,12334.3,3.885
0.9930,3730.8899,2.163
0.9970,2675.24,1.954
0.0000,2712.6201,1.962
0.0030,2682.5701,1.956
0.0070,2690.6299,1.957
0.0100,2695.6699,1.958
0.0140,2684.1399,1.956
0.0170,2688.8201,1.957
0.0210,2659.5,1.951
0.0240,2719.3501,1.963
0.0280,2682.3301,1.955
0.0310,2681.25,1.955
0.0350,2683.53,1.956
0.0380,7461.6602,2.911
0.0420,12734.5,3.966
0.0450,12588.2,3.937
0.0490,10843,3.588
0.0520,8566.1104,3.133
0.0560,6469.23,2.713
0.0590,10766.5,3.572
0.0630,11984.1,3.816
0.0660,11628.4,3.745
0.0690,9469.71,3.315
0.0730,8049.3999,3.036
0.0760,5686.8999,2.556
0.0800,12610.9,3.942
0.0830,9691.5898,3.357
0.0870,10353.4,3.488
0.0900,10546,3.528
0.0940,3191.5901,2.056
0.0970,10426.4,3.505
0.1010,9242.0703,3.269
0.1040,11142.4,3.648
0.1080,13038.6,4.026
0.1110,11868.5,3.793
0.1150,10158.7,3.45
0.1180,12288.9,3.877
0.1220,10625.5,3.544
0.1250,11445.2,3.708
0.1280,6756.3701,2.772
0.1320,2727.8899,1.965
0.1350,8706.6104,3.16
0.1390,10470.6,3.514
0.1420,9961.9004,3.411
0.1460,10448.9,3.51
0.1490,12713.8,3.962
0.1530,8591.8301,3.138
0.1560,11631.4,3.745
0.1600,13019.8,4.023
0.1630,10742.4,3.567
0.1670,12381.2,3.895
0.1700,12189.4,3.857
0.1740,11780.5,3.775
0.1770,9648.2002,3.35
0.1810,4414.8999,2.302
0.1840,7467.79,2.91
0.1880,8675,3.154
0.1910,11127.5,3.643
0.1940,11932.5,3.806
0.1980,9992.5498,3.417
0.2010,10536.5,3.526
0.2050,10535.3,3.525
0.2080,9436.7803,3.306
0.2120,4185.7002,2.255
0.2150,2714.4199,1.962
0.2190,2717.6699,1.963
0.2220,2705.6499,1.96
0.2260,8601.3203,3.139
0.2290,12524.4,3.924
0.2330,13236.3,4.066
0.2360,12748.2,3.968
0.2400,13283.3,4.075
0.2430,10890,3.597
0.2470,6086.4199,2.641
0.2500,6112.8599,2.645
0.2530,10038.5,3.426
0.2570,11416.6,3.702
0.2600,7405.5298,2.901
0.2640,11898.2,3.798
0.2670,11012.1,3.621
0.2710,10372.6,3.494
0.2740,10774,3.574
0.2780,11005.8,3.62
0.2810,10221.5,3.464
0.2850,9756.3701,3.37
0.2880,12493.6,3.917
0.2920,10802.3,3.58
0.2950,10388.8,3.497
0.2990,9692.1904,3.357
0.3020,12894.5,3.998
0.3060,11710.1,3.76
0.3090,11821.4,3.783
0.3130,12817.9,3.983
0.3160,12182.6,3.856
0.3190,8157.3301,3.051
0.3230,2562.26,1.932
0.3260,2593.27,1.938
0.3300,2569.95,1.933
0.3330,2565.6299,1.932
0.3330,2565.6299,1.932
0.3370,2578.8501,1.935
0.3400,2513.5801,1.922
0.3440,2557.8101,1.931
0.3470,2514.1799,1.922
0.3510,2502.28,1.919
0.3540,2554.0901,1.93
0.3580,2528.8501,1.925
0.3610,2532.5701,1.926
0.3650,2524.3999,1.923
0.3680,2510.7,1.921
0.3720,2517.1899,1.922
0.3750,2532.6899,1.926
0.3780,2498.6799,1.918
0.3820,2526.6799,1.925
0.3850,2517.0701,1.922
0.3890,2528.6101,1.925
0.3920,2523.0801,1.924
0.3960,2671.1499,1.953
0.3990,3172.96,2.053
0.4030,2512.74,1.922
0.4060,2511.4199,1.922
0.4100,2516.3501,1.922
0.4130,2525.24,1.923
0.4170,2540.02,1.927
0.4200,2558.6499,1.931
0.4240,2583.6499,1.936
0.4270,2511.0601,1.921
0.4310,2498.8,1.919
0.4340,2538.5801,1.927
0.4380,2513.3401,1.922
0.4410,2522.72,1.924
0.4440,2521.75,1.923
0.4480,2538.8201,1.927
0.4510,2512.3799,1.922
0.4550,3306.73,2.064
0.4580,2531.6101,1.925
0.4620,2519.23,1.923
0.4650,2533.6499,1.926
0.4690,2553.01,1.93
0.4720,2536.8999,1.926
0.4760,2558.53,1.931
0.4790,2593.75,1.938
0.4830,2555.53,1.93
0.4860,2556.6101,1.93
0.4900,2562.6201,1.932
0.4930,3353.3601,2.078
0.4970,2540.8701,1.927
0.5000,2493.75,1.917
0.5030,2542.6699,1.927
0.5070,2548.2,1.929
0.5100,2537.8601,1.927
0.5140,2535.46,1.926
0.5170,2534.74,1.926
0.5210,2531.73,1.925
0.5240,2455.05,1.912
0.5280,2593.8701,1.938
0.5310,2558.29,1.931
0.5350,2549.52,1.929
0.5380,2541.71,1.927
0.5420,2584.6201,1.936
0.5450,2644.23,1.948
0.5490,2564.8999,1.932
0.5520,2532.21,1.926
0.5560,2522,1.923
0.5590,2523.5601,1.924
0.5630,2544.5901,1.928
0.5660,2508.53,1.921
0.5690,2844.47,1.986
0.5730,2640.02,1.948
0.5760,2548.3201,1.929
0.5800,2540.6299,1.927
0.5830,2537.74,1.927
0.5870,2535.46,1.926
0.5900,2539.54,1.927
0.5940,2535.22,1.926
0.5970,2547.6001,1.929
0.6010,2533.77,1.926
0.6040,2550,1.929
0.6080,2534.26,1.926
0.6110,2533.53,1.926
0.6150,2496.27,1.918
0.6180,2497.1201,1.918
0.6220,2512.98,1.922
0.6250,3292.9099,2.072
0.6280,2587.8601,1.937
0.6320,2539.4199,1.927
0.6350,2497.6001,1.918
0.6390,2533.77,1.926
0.6420,2493.6299,1.918
0.6460,2476.6799,1.914
0.6490,2469.5901,1.913
0.6530,2465.3799,1.913
0.6560,2552.04,1.929
0.6600,2554.9299,1.93
0.6630,2551.2,1.929
0.6670,2534.26,1.926
0.6700,2511.54,1.921
0.6740,2530.4099,1.925
0.6770,2524.8799,1.924
0.6810,2533.05,1.926
0.6840,2530.05,1.925
0.6880,2523.0801,1.924
0.6910,2535.8201,1.926
0.6940,2523.9199,1.924
0.6980,2530.77,1.925
0.7010,2576.2,1.934
0.7050,2557.5701,1.931
0.7080,2571.51,1.933
0.7120,2501.6799,1.919
0.7150,2552.77,1.93
0.7190,2549.52,1.929
0.7220,2555.29,1.93
0.7260,2553.49,1.93
0.7290,6590.02,2.737
0.7330,6972.96,2.814
0.7360,7528.73,2.919
0.7400,2859.6201,1.988
0.7430,2741.5901,1.967
0.7470,2708.1699,1.961
0.7500,2698.0801,1.959
0.7530,2690.02,1.957
0.7570,2689.3,1.957
0.7600,2684.98,1.956
0.7640,2699.8799,1.959
0.7670,2693.1499,1.958
0.7710,2717.9099,1.963
0.7740,2678.49,1.955
0.7780,2727.4099,1.964
0.7810,2679.6899,1.955
0.7850,2714.1799,1.962
0.7880,2709.8601,1.961
0.7920,2698.3201,1.959
0.7950,2713.8201,1.962
0.7990,2701.9199,1.959
0.8020,2686.54,1.956
0.8060,2694.47,1.958
0.8090,2712.26,1.962
0.8130,2712.98,1.962
0.8160,2716.5901,1.962
0.8190,2700.72,1.959
0.8230,2683.53,1.956
0.8260,2696.03,1.958
0.8300,2688.5801,1.957
0.8330,2684.1399,1.956
0.8370,5937.3799,2.607
0.8400,11839.4,3.787
0.8440,10972,3.613
0.8470,12781,3.975
0.8510,12926.6,4.005
0.8540,11679.8,3.755
0.8580,10473.2,3.513
0.8610,12111.4,3.841
0.8650,12591.3,3.937
0.8680,13029.7,4.025
0.8720,12537.5,3.927
0.8750,12782.2,3.975
0.8780,13075.2,4.034
0.8820,12780,3.975
0.8850,12237.3,3.867
0.8890,9597.2402,3.338
0.8920,10827.6,3.584
0.8960,10662.6,3.551
0.8990,11701.3,3.759
0.9030,7892.4302,2.997
0.9060,7383.8901,2.898
0.9100,11944.4,3.808
0.9130,11620.2,3.743
0.9170,12685.7,3.956
0.9200,6402.1602,2.696
0.9240,2746.52,1.968
0.9270,8977.6396,3.214
0.9310,10025.2,3.423
0.9340,6703.4902,2.758
0.9380,10768.5,3.573
0.9410,11636.5,3.746
0.9440,11431,3.705
0.9480,12263,3.871
0.9510,13246.5,4.067
0.9550,12899.4,3.999
0.9580,13481.1,4.122
0.9620,12907.6,4.001
0.9650,12115.5,3.842
0.9690,12146.2,3.848
0.9720,10872.2,3.594
0.9760,10150.6,3.449
0.9790,9190.5098,3.256
0.9830,5993.9902,2.616
0.9860,10555.8,3.53
0.9900,10458.8,3.511
0.9930,6170.79,2.652
0.9970,3424.28,2.106
0.0000,2694.95,1.958
0.0030,2688.22,1.957
0.0070,2676.2,1.954
0.0100,2688.3401,1.957
0.0140,2690.02,1.957
0.0170,2697.6001,1.959
0.0210,2662.98,1.952
0.0240,2704.8101,1.96
0.0280,2714.0601,1.962
0.0310,2675,1.954
0.0350,2697.1201,1.958
0.0380,7795.1899,2.978
0.0420,11431.8,3.706
0.0450,11456.4,3.71
0.0490,9891.8301,3.396
0.0520,11668.5,3.752
0.0560,10122.8,3.443
0.0590,11092.7,3.638
0.0630,10074.8,3.434
0.0660,8457.6904,3.109
0.0690,10785.6,3.576
0.0730,5760.46,2.57
0.0760,4605.1699,2.343
0.0800,2643.03,1.949
0.0830,4205.6499,2.256
0.0870,4516.23,2.321
0.0900,6503.4902,2.719
0.0940,4100.2402,2.241
0.0970,7050.6001,2.831
0.1010,9982.5703,3.415
0.1040,10626.3,3.544
0.1080,5625.6001,2.541
0.1110,7112.7402,2.84
0.1150,7318.9902,2.882
0.1180,11182.6,3.656
0.1220,5952.2798,2.609
0.1250,11887.7,3.797
0.1280,5019.9502,2.425
0.1320,2767.1899,1.972
0.1350,5533.6499,2.525
0.1390,10555.6,3.53
0.1420,10065.3,3.432
0.1460,11385.9,3.696
0.1490,10931.4,3.605
0.1530,11500.5,3.719
0.1560,10367.9,3.493
0.1600,9246.5098,3.268
0.1630,12569.4,3.932
0.1670,11746.9,3.768
0.1700,10636.2,3.546
0.1740,9115.6201,3.244
0.1770,12291.6,3.877
0.1810,9782.3301,3.375
0.1840,11833.4,3.786
0.1880,11858.7,3.791
0.1910,10892.4,3.598
0.1940,8909.0195,3.2
0.1980,3124.52,2.044
0.2010,5466.9502,2.512
0.2050,4112.98,2.243
0.2080,69.110603,1.419
0.2120,0,1.419
0.2150,0,1.419
0.2190,0,1.419
0.2220,0,1.419
0.2260,0,1.419
0.2290,0,1.419
0.2330,0,1.419
0.2360,0,1.419
0.2400,0,1.419
0.2430,0,1.419
0.2470,0,1.419
0.2500,0,1.419
0.2530,0,1.419
0.2570,0,1.419
0.2600,0,1.419
0.2640,0,1.419
0.2670,0,1.419
0.2710,0,1.419
0.2740,0,1.419
0.2780,0,1.419
0.2810,0,1.419
0.2850,0,1.419
0.2880,0,1.419
0.2920,0,1.419
0.2950,0,1.419
0.2990,0,1.419
0.3020,0,1.419
0.3060,0,1.419
0.3090,0,1.419
0.3130,0,1.419
0.3160,0,1.419
0.3190,0,1.419
0.3230,0,1.419
0.3260,0,1.419
0.3300,0,1.419
0.3330,0,1.419
0.3330,0,1.419
0.3370,0,1.419
0.3400,0,1.419
0.3440,0,1.419
0.3470,0,1.419
0.3510,0,1.419
0.3540,0,1.419
0.3580,0,1.419
0.3610,0,1.419
0.3650,0,1.419
0.3680,0,1.419
0.3720,0,1.419
0.3750,0,1.419
0.3780,0,1.419
0.3820,0,1.419
0.3850,0,1.419
0.3890,0,1.419
0.3920,0,1.419
0.3960,0,1.419
0.3990,0,1.419
0.4030,0,1.419
0.4060,0,1.419
0.4100,0,1.419
0.4130,0,1.419
0.4170,0,1.419
0.4200,0,1.419
0.4240,0,1.419
0.4270,0,1.419
0.4310,0,1.419
0.4340,0,1.419
0.4380,0,1.419
0.4410,0,1.419
0.4440,0,1.419
0.4480,0,1.419
0.4510,0,1.419
0.4550,0,1.419
0.4580,0,1.419
0.4620,0,1.419
0.4650,0,1.419
0.4690,0,1.419
0.4720,0,1.419
0.4760,0,1.419
0.4790,0,1.419
0.4830,0,1.419
0.4860,0,1.419
0.4900,0,1.419
0.4930,0,1.419
0.4970,0,1.419
0.5000,0,1.419
0.5030,0,1.419
0.5070,0,1.419
0.5100,0,1.419
0.5140,0,1.419
0.5170,0,1.419
0.5210,0,1.419
0.5240,0,1.419
0.5280,0,1.419
0.5310,0,1.419
0.5350,0,1.419
0.5380,0,1.419
0.5420,0,1.419
0.5450,0,1.419
0.5490,0,1.419
0.5520,0,1.419
0.5560,0,1.419
0.5590,0,1.419
0.5630,0,1.419
0.5660,0,1.419
0.5690,0,1.419
0.5730,0,1.419
0.5760,0,1.419
0.5800,0,1.419
0.5830,0,1.419
0.5870,0,1.419
0.5900,0,1.419
0.5940,0,1.419
0.5970,0,1.419
0.6010,0,1.419
0.6040,0,1.419
0.6080,0,1.419
0.6110,0,1.419
0.6150,0,1.419
0.6180,0,1.419
0.6220,0,1.419
0.6250,0,1.419
0.6280,0,1.419
0.6320,0,1.419
0.6350,0,1.419
0.6390,0,1.419
0.6420,0,1.419
0.6460,0,1.419
0.6490,0,1.419
0.6530,0,1.419
0.6560,0,1.419
0.6600,0,1.419
0.6630,0,1.419
0.6670,0,1.419
0.6700,0,1.419
0.6740,0,1.419
0.6770,0,1.419
0.6810,0,1.419
0.6840,0,1.419
0.6880,0,1.419
0.6910,0,1.419
0.6940,0,1.419
0.6980,0,1.419
0.7010,0,1.419
0.7050,0,1.419
0.7080,0,1.419
0.7120,0,1.419
0.7150,0,1.419
0.7190,0,1.419
0.7220,0,1.419
0.7260,0,1.419
0.7290,0,1.419
0.7330,0,1.419
0.7360,0,1.419
0.7400,0,1.419
0.7430,0,1.419
0.7470,0,1.419
0.7500,0,1.419
0.7530,0,1.419
0.7570,0,1.419
0.7600,0,1.419
0.7640,0,1.419
0.7670,0,1.419
0.7710,0,1.419
0.7740,0,1.419
0.7780,0,1.419
0.7810,0,1.419
0.7850,0,1.419
0.7880,0,1.419
0.7920,0,1.419
0.7950,0,1.419
0.7990,0,1.419
0.8020,0,1.419
0.8060,0,1.419
0.8090,0,1.419
0.8130,0,1.419
0.8160,0,1.419
0.8190,0,1.419
0.8230,0,1.419
0.8260,0,1.419
0.8300,0,1.419
0.8330,0,1.419
0.8370,0,1.419
0.8400,0,1.419
0.8440,0,1.419
0.8470,0,1.419
0.8510,0,1.419
0.8540,0,1.419
0.8580,0,1.419
0.8610,0,1.419
0.8650,0,1.419
0.8680,0,1.419
0.8720,0,1.419
0.8750,0,1.419
0.8780,0,1.419
0.8820,0,1.419
0.8850,0,1.419
0.8890,0,1.419
0.8920,0,1.419
0.8960,0,1.419
0.8990,0,1.419
0.9030,0,1.419
0.9060,0,1.419
0.9100,0,1.419
0.9130,0,1.419
0.9170,0,1.419
0.9200,0,1.419
0.9240,0,1.419
0.9270,0,1.419
0.9310,0,1.419
0.9340,0,1.419
0.9380,0,1.419
0.9410,0,1.419
0.9440,0,1.419
0.9480,0,1.419
0.9510,0,1.419
0.9550,0,1.419
0.9580,0,1.419
0.9620,0,1.419
0.9650,0,1.419
0.9690,0,1.419
0.9720,0,1.419
0.9760,0,1.419
0.9790,0,1.419
0.9830,0,1.419
0.9860,0,1.419
0.9900,0,1.419
0.9930,0,1.419
0.9970,0,1.419
0.0000,0,1.419
0.0030,0,1.419
0.0070,0,1.419
0.0100,0,1.419
0.0140,0,1.419
0.0170,0,1.419
0.0210,0,1.419
0.0240,0,1.419
0.0280,0,1.419
0.0310,0,1.419
0.0350,0,1.419
0.0380,0,1.419
0.0420,0,1.419
0.0450,0,1.419
0.0490,0,1.419
0.0520,0,1.419
0.0560,0,1.419
0.0590,0,1.419
0.0630,0,1.419
0.0660,0,1.419
0.0690,0,1.419
0.0730,0,1.419
0.0760,0,1.419
0.0800,0,1.419
0.0830,0,1.419
0.0870,0,1.419
0.0900,0,1.419
0.0940,0,1.419
0.0970,0,1.419
0.1010,0,1.419
0.1040,0,1.419
0.1080,0,1.419
0.1110,0,1.419
0.1150,0,1.419
0.1180,0,1.419
0.1220,0,1.419
0.1250,0,1.419
0.1280,0,1.419
0.1320,0,1.419
0.1350,0,1.419
0.1390,0,1.419
0.1420,0,1.419
0.1460,0,1.419
0.1490,0,1.419
0.1530,0,1.419
0.1560,0,1.419
0.1600,0,1.419
0.1630,0,1.419
0.1670,0,1.419
0.1700,0,1.419
0.1740,0,1.419
0.1770,0,1.419
0.1810,0,1.419
0.1840,0,1.419
0.1880,0,1.419
0.1910,0,1.419
0.1940,0,1.419
0.1980,0,1.419
0.2010,0,1.419
0.2050,0,1.419
0.2080,0,1.419
0.2120,0,1.419
0.2150,0,1.419
0.2190,0,1.419
0.2220,0,1.419
0.2260,0,1.419
0.2290,0,1.419
0.2330,0,1.419
0.2360,0,1.419
0.2400,0,1.419
0.2430,0,1.419
0.2470,0,1.419
0.2500,0,1.419
0.2530,0,1.419
0.2570,0,1.419
0.2600,0,1.419
0.2640,0,1.419
0.2670,0,1.419
0.2710,0,1.419
0.2740,0,1.419
0.2780,0,1.419
0.2810,0,1.419
0.2850,266.10599,1.455
0.2880,1670.67,1.811
0.2920,2339.54,1.895
0.2950,3648.6799,2.147
0.2990,2505.05,1.917
0.3020,5934.0098,2.607
0.3060,5142.79,2.446
0.3090,6633.8901,2.745
0.3130,5893.0298,2.598
0.3160,5239.2998,2.471
0.3190,3178,2.054
0.3230,4525.3599,2.32
0.3260,4362.7402,2.291
0.3300,2550.1201,1.929
0.3330,4331.25,2.286
0.3330,4331.25,2.285
0.3370,2748.4399,1.969
0.3400,7403.8501,2.899
0.3440,10961.2,3.611
0.3470,11215.7,3.662
0.3510,9331.1299,3.282
0.3540,12617.7,3.943
0.3580,11681.5,3.755
0.3610,10682.2,3.553
0.3650,12154,3.85
0.3680,12375.7,3.894
0.3720,10647.1,3.549
0.3750,10899.5,3.599
0.3780,10687.7,3.56
0.3820,10103.8,3.44
0.3850,9359.3799,3.291
0.3890,11195.3,3.659
0.3920,10983.9,3.616
0.3960,9178.7305,3.255
0.3990,12104.7,3.84
0.4030,12713.5,3.962
0.4060,12823.7,3.984
0.4100,11327.9,3.684
0.4130,13134,4.045
0.4170,13238.9,4.067
0.4200,6619.8301,2.743
0.4240,7453.25,2.908
0.4270,9830.4102,3.385
0.4310,11748.1,3.768
0.4340,9622.3604,3.343
0.4380,12146.5,3.848
0.4410,10806.1,3.58
0.4440,9523.0801,3.323
0.4480,12048.9,3.829
0.4510,11467.4,3.712
0.4550,10918,3.603
0.4580,11185.9,3.656
0.4620,11321.8,3.683
0.4650,12470.6,3.912
0.4690,13147.5,4.049
0.4720,10985.7,3.616
0.4760,13480.2,4.118
0.4790,13072.2,4.033
0.4830,11955.8,3.811
0.4860,12870.1,3.993
0.4900,9759.9805,3.372
0.4930,2762.8601,1.972
0.4970,2647.3601,1.949
0.5000,2689.4199,1.957
0.5030,2683.53,1.956
0.5070,2684.1399,1.956
0.5100,2693.27,1.958
0.5140,2676.5601,1.954
0.5170,2696.27,1.958
0.5210,2659.5,1.951
0.5240,2664.78,1.951
0.5280,2702.3999,1.959
0.5310,2672.1201,1.953
0.5350,2700.6001,1.959
0.5380,7843.1499,2.987
0.5420,11895,3.798
0.5450,12557.8,3.93
0.5490,7950.8398,3.011
0.5520,10384.4,3.496
0.5560,12490.1,3.917
0.5590,11571.3,3.733
0.5630,12430.3,3.905
0.5660,9804.8096,3.38
0.5690,12435.9,3.906
0.5730,12771.3,3.974
0.5760,10818.1,3.582
0.5800,12629.2,3.945
0.5830,7336.54,2.887
0.5870,6205.77,2.652
0.5900,9762.1396,3.372
0.5940,10603,3.539
0.5970,12543.5,3.928
0.6010,11650.6,3.749
0.6040,12218.3,3.863
0.6080,12921.5,4.003
0.6110,7378.4902,2.898
0.6150,9666.2305,3.352
0.6180,11012.6,3.62
0.6220,9609.1299,3.341
0.6250,11725.1,3.765
0.6280,6930.77,2.808
0.6320,2784.74,1.976
0.6350,10476.2,3.514
0.6390,12515.1,3.922
0.6420,10604.6,3.539
0.6460,11609.5,3.741
0.6490,12143.4,3.848
0.6530,12693.3,3.958
0.6560,11936.9,3.807
0.6600,11659.1,3.751
0.6630,12024.3,3.824
0.6670,13342.7,4.087
0.6700,11229.1,3.665
0.6740,10057,3.432
0.6770,9595.1904,3.338
0.6810,9622.8398,3.343
0.6840,10752.8,3.569
0.6880,12316.6,3.882
0.6910,11655.5,3.751
0.6940,11957.6,3.811
0.6980,12362.1,3.891
0.7010,9903.9697,3.4
0.7050,12314.3,3.882
0.7080,12959.9,4.011
0.7120,6531.3701,2.72
0.7150,2768.1499,1.973
0.7190,2760.1001,1.971
0.7220,2754.5701,1.97
0.7260,9421.3896,3.304
0.7290,12529.7,3.925
0.7330,12896.9,3.998
0.7360,12183.9,3.856
0.7400,11821.6,3.783
0.7430,12059.9,3.831
0.7470,12358.2,3.891
0.7500,10493,3.518
0.7530,11773.1,3.774
0.7570,12018.4,3.823
0.7600,10838.2,3.588
0.7640,8510.46,3.122
0.7670,10184.6,3.455
0.7710,9692.6699,3.357
0.7740,10785.3,3.576
0.7780,10712.4,3.561
0.7810,9163.0996,3.251
0.7850,10534.1,3.526
0.7880,12276.7,3.875
0.7920,10281.7,3.474
0.7950,9361.2998,3.292
0.7990,6870.1899,2.788
0.8020,8093.9902,3.04
0.8060,6933.1699,2.808
0.8090,7961.2998,3.012
0.8130,7260.3398,2.871
0.8160,4344.71,2.288
0.8190,5842.79,2.586
0.8230,2776.3201,1.975
0.8260,2744.5901,1.968
0.8300,2761.78,1.971
0.8330,2743.99,1.968
0.8370,6792.1899,2.778
0.8400,12545.6,3.928
0.8440,11910.3,3.801
0.8470,11138.6,3.647
0.8510,10391.2,3.497
0.8540,13283.5,4.076
0.8580,9035.8203,3.226
0.8610,11292.3,3.678
0.8650,8759.3799,3.17
0.8680,9003.3701,3.22
0.8720,10151.3,3.449
0.8750,11120.7,3.643
0.8780,12262.6,3.871
0.8820,10013.5,3.422
0.8850,8686.9004,3.156
0.8890,10622.6,3.543
0.8920,11783.7,3.776
0.8960,6867.3101,2.787
0.8990,6682.4502,2.756
0.9030,6930.29,2.808
0.9060,11309.6,3.681
0.9100,10556.4,3.53
0.9130,11099.4,3.639
0.9170,9676.4404,3.353
0.9200,5105.29,2.44
0.9240,2765.99,1.972
0.9270,8422.8398,3.105
0.9310,8457.8096,3.11
0.9340,5285.2202,2.476
0.9380,6629.4502,2.744
0.9410,9482.5703,3.318
0.9440,10409.6,3.501
0.9480,9976.6797,3.414
0.9510,11902.2,3.799
0.9550,12703.7,3.959
0.9580,9399.2803,3.299
0.9620,9857.9297,3.39
0.9650,12739.3,3.967
0.9690,13158.1,4.051
0.9720,12170.4,3.853
0.9760,11725.1,3.764
0.9790,12016.6,3.822
0.9830,11593.8,3.737
0.9860,12438.5,3.907
0.9900,11099.4,3.639
0.9930,4006.25,2.243
0.9970,2671.76,1.953
0.0000,2724.8799,1.964
0.0030,2690.1499,1.957
0.0070,2716.8301,1.962
0.0100,2697.96,1.959
0.0140,2697.6001,1.959
0.0170,2707.0901,1.96
0.0210,2697.3601,1.958
0.0240,2689.8999,1.957
0.0280,2706.1299,1.96
0.0310,2701.8,1.959
0.0350,2691.47,1.957
0.0380,8451.3203,3.109
0.0420,10048.7,3.428
0.0450,11536.7,3.726
0.0490,11155.8,3.65
0.0520,10143.2,3.448
0.0560,11294,3.678
0.0590,11237.4,3.667
0.0630,10387.7,3.496
0.0660,11297.7,3.679
0.0690,13116.9,4.042
0.0730,8747.2402,3.169
0.0760,10718,3.563
0.0800,10876.1,3.594
0.0830,11877.8,3.794
0.0870,10379.7,3.495
0.0900,7968.1499,3.011
0.0940,9008.8896,3.221
0.0970,10948.8,3.609
0.1010,12078.7,3.834
0.1040,12542.4,3.928
0.1080,8450.4805,3.109
0.1110,12520.9,3.923
0.1150,12712.9,3.962
0.1180,12413.6,3.902
0.1220,11920.1,3.803
0.1250,9152.6396,3.248
0.1280,4781.8501,2.378
0.1320,2762.5,1.972
0.1350,8334.5,3.087
0.1390,10352.5,3.489
0.1420,6983.6499,2.816
0.1460,9903.7305,3.4
0.1490,12028.4,3.825
0.1530,10146.4,3.449
0.1560,11966.9,3.813
0.1600,11022,3.624
0.1630,7735.9399,2.967
0.1670,10862.5,3.592
0.1700,12938.1,4.006
0.1740,12443,3.907
0.1770,12055,3.83
0.1810,9996.4004,3.418
0.1840,10935,3.605
0.1880,11695.9,3.758
0.1910,10160,3.45
0.1940,12070,3.833
0.1980,11316.5,3.682
0.2010,9252.6396,3.269
0.2050,10771.5,3.573
0.2080,10004.9,3.42
0.2120,5316.5898,2.485
0.2150,2736.3,1.966
0.2190,2743.8701,1.968
0.2220,2732.45,1.966
0.2260,7149.04,2.85
0.2290,9681.6104,3.356
0.2330,12156.8,3.851
0.2360,12607.8,3.941
0.2400,11983.2,3.816
0.2430,11291.9,3.678
0.2470,12459,3.911
0.2500,10816.3,3.582
0.2530,9399.2803,3.298
0.2570,9943.2695,3.408
0.2600,11482.5,3.716
0.2640,10296.6,3.477
0.2670,12918.4,4.003
0.2710,10847.6,3.588
0.2740,11574.8,3.734
0.2780,12228.2,3.865
0.2810,11382.1,3.695
0.2850,8690.75,3.157
0.2880,11418.6,3.703
0.2920,7914.0601,3.003
0.2950,8823.9199,3.179
0.2990,9300.3604,3.279
0.3020,9946.04,3.408
0.3060,6116.5898,2.645
0.3090,6117.1899,2.645
0.3130,7671.27,2.95
0.3160,6036.1802,2.622
0.3190,9333.6504,3.282
0.3230,4448.7998,2.307
0.3260,3779.9299,2.176
0.3300,2740.75,1.967
0.3330,2765.8701,1.973
0.3330,2765.8701,1.972
0.3370,3624.8799,2.146
0.3400,11159.3,3.651
0.3440,10180.8,3.455
0.3470,11921.4,3.804
0.3510,11499.6,3.718
0.3540,10951.9,3.609
0.3580,12429.8,3.905
0.3610,12562.9,3.931
0.3650,11652.4,3.749
0.3680,10957.2,3.61
0.3720,11842.4,3.787
0.3750,9816.1104,3.382
0.3780,11162.1,3.651
0.3820,9007.9297,3.22
0.3850,10491.5,3.517
0.3890,11487.7,3.716
0.3920,10602.4,3.539
0.3960,11458.8,3.711
0.3990,6278.9702,2.677
0.4030,9850.1201,3.388
0.4060,10873.8,3.594
0.4100,11193.3,3.657
0.4130,11068.6,3.633
0.4170,9924.6396,3.404
0.4200,4644.9502,2.349
0.4240,2791.8301,1.977
0.4270,7854.5698,2.989
0.4310,10974.9,3.614
0.4340,8370.5498,3.091
0.4380,6802.2798,2.779
0.4410,6761.0601,2.773
0.4440,8619.71,3.142
0.4480,12735.7,3.966
0.4510,12304.6,3.88
0.4550,10407.7,3.501
0.4580,11004.9,3.62
0.4620,9357.6904,3.291
0.4650,9626.2002,3.343
0.4690,10587.7,3.537
0.4720,10219.7,3.463
0.4760,12146.4,3.848
0.4790,12163.2,3.852
0.4830,10265.6,3.472
0.4860,12800.5,3.979
0.4900,10846.9,3.589
0.4930,3640.6201,2.146
0.4970,2702.1599,1.959
0.5000,2622.8401,1.943
0.5030,2615.5,1.942
0.5070,2618.99,1.943
0.5100,2615.3799,1.942
0.5140,2628.97,1.945
0.5170,2602.76,1.939
0.5210,2608.6499,1.941
0.5240,2586.0601,1.936
0.5280,2635.22,1.946
0.5310,2598.6799,1.939
0.5350,2602.6399,1.939
0.5380,8507.3301,3.12
0.5420,12909.5,4.001
0.5450,11182.3,3.656
0.5490,13234.3,4.066
0.5520,13538.9,4.12
0.5560,13341,4.087
0.5590,11775.4,3.774
0.5630,12981.4,4.015
0.5660,12135.9,3.846
0.5690,10461.3,3.511
0.5730,10570.3,3.532
0.5760,10729.2,3.565
0.5800,11182,3.656
0.5830,10746.2,3.568
0.5870,6499.8799,2.719
0.5900,5717.5498,2.56
0.5940,5834.6201,2.585
0.5970,6419.3501,2.705
0.6010,10330.9,3.485
0.6040,11785.7,3.776
0.6080,12302.3,3.879
0.6110,12900.7,3.999
0.6150,9606.0098,3.339
0.6180,10703.7,3.562
0.6220,12134.4,3.846
0.6250,10741.6,3.567
0.6280,5607.8101,2.541
0.6320,2779.6899,1.975
0.6350,8603.25,3.139
0.6390,10879.6,3.595
0.6420,11348.8,3.69
0.6460,9906.6104,3.4
0.6490,13177.5,4.054
0.6530,13036.7,4.026
0.6560,10708.2,3.562
0.6600,11026.3,3.624
0.6630,6877.8901,2.79
0.6670,6971.5098,2.813
0.6700,8687.0195,3.156
0.6740,10173.8,3.454
0.6770,11970.1,3.813
0.6810,11263.2,3.671
0.6840,9575.3604,3.335
0.6880,12022.2,3.824
0.6910,11558.3,3.732
0.6940,11661.2,3.751
0.6980,11037.7,3.627
0.7010,9819.5898,3.382
0.7050,12514.4,3.922
0.7080,10644.5,3.548
0.7120,5320.6699,2.483
0.7150,2688.1001,1.957
0.7190,2694.1101,1.958
0.7220,2697.24,1.958
0.7260,2643.8701,1.948
0.7290,2653.73,1.949
0.7330,4347.3599,2.289
0.7360,6066.23,2.628
0.7400,11360.7,3.692
0.7430,10930.9,3.605
0.7470,12366.1,3.892
0.7500,9907.8096,3.4
0.7530,5754.5698,2.571
0.7570,9019.1104,3.221
0.7600,11589.2,3.734
0.7640,12243.6,3.867
0.7670,12493.1,3.918
0.7710,7820.79,2.981
0.7740,5406.4902,2.503
0.7780,12370.3,3.893
0.7810,9358.6504,3.292
0.7850,4740.75,2.377
0.7880,2725.72,1.964
0.7920,2739.8999,1.967
0.7950,2713.3401,1.962
0.7990,2757.5701,1.971
0.8020,2730.4099,1.965
0.8060,2741.71,1.967
0.8090,2722.24,1.964
0.8130,2702.28,1.959
0.8160,2740.51,1.967
0.8190,2752.77,1.97
0.8230,2780.4099,1.975
0.8260,2743.99,1.968
0.8300,2757.45,1.97
0.8330,2739.0601,1.967
0.8370,3064.4199,2.031
0.8400,11881.6,3.796
0.8440,6380.29,2.694
0.8470,5812.8599,2.583
0.8510,8168.0298,3.048
0.8540,7767.1899,2.972
0.8580,6283.29,2.676
0.8610,7605.0498,2.94
0.8650,7328.0098,2.886
0.8680,6931.6099,2.808
0.8720,7887.3799,2.997
0.8750,5059.98,2.431
0.8780,4936.1802,2.408
0.8820,9373.5596,3.294
0.8850,7800.6001,2.979
0.8890,12284.6,3.876
0.8920,9514.6602,3.322
0.8960,9659.4902,3.351
0.8990,12451.3,3.909
0.9030,12825,3.984
0.9060,8665.0195,3.152
0.9100,6832.3301,2.786
0.9130,9907.21,3.4
0.9170,9969.3496,3.413
0.9200,5242.6699,2.473
0.9240,2765.51,1.972
0.9270,8081.3701,3.041
0.9310,13168.4,4.052
0.9340,13151.2,4.05
0.9380,13221.8,4.064
0.9410,12420.9,3.903
0.9440,13163.9,4.052
0.9480,11108.5,3.64
0.9510,12743.9,3.968
0.9550,11015.9,3.623
0.9580,9053.25,3.229
0.9620,10015,3.422
0.9650,11919.2,3.803
0.9690,12235.5,3.866
0.9720,13358.7,4.09
0.9760,9671.6299,3.353
0.9790,12599.9,3.939
0.9830,11867.2,3.793
0.9860,9826.3203,3.384
0.9900,9230.1699,3.267
0.9930,5763.7002,2.572
0.9970,2942.3101,2.005
